citylat,citylon,focal,idiss,linkData,link_big,link_small,n_answers
36.2,111.8,50,8947,http://eol.jsc.nasa.gov/scripts/sseop/photo.pl?mission=ISS033&roll=E&frame=8947,http://eol.jsc.nasa.gov/sseop/images/ESC/large/ISS033/ISS033-E-8947.JPG,http://eol.jsc.nasa.gov/sseop/images/ESC/small/ISS033/ISS033-E-8947.JPG,30
25.5,75.4,50,9871,http://eol.jsc.nasa.gov/scripts/sseop/photo.pl?mission=ISS035&roll=E&frame=9871,http://eol.jsc.nasa.gov/sseop/images/ESC/large/ISS035/ISS035-E-9871.JPG,http://eol.jsc.nasa.gov/sseop/images/ESC/small/ISS035/ISS035-E-9871.JPG,30
50.1,6,50,82976,http://eol.jsc.nasa.gov/scripts/sseop/photo.pl?mission=ISS030&roll=E&frame=82976,http://eol.jsc.nasa.gov/sseop/images/ESC/large/ISS030/ISS030-E-82976.JPG,http://eol.jsc.nasa.gov/sseop/images/ESC/small/ISS030/ISS030-E-82976.JPG,30
51.7,-96,50,66447,http://eol.jsc.nasa.gov/scripts/sseop/photo.pl?mission=ISS030&roll=E&frame=66447,http://eol.jsc.nasa.gov/sseop/images/ESC/large/ISS030/ISS030-E-66447.JPG,http://eol.jsc.nasa.gov/sseop/images/ESC/small/ISS030/ISS030-E-66447.JPG,30
33.5,136.5,50,40570,http://eol.jsc.nasa.gov/scripts/sseop/photo.pl?mission=ISS038&roll=E&frame=40570,http://eol.jsc.nasa.gov/sseop/images/ESC/large/ISS038/ISS038-E-40570.JPG,http://eol.jsc.nasa.gov/sseop/images/ESC/small/ISS038/ISS038-E-40570.JPG,30
33.6,141,50,82770,http://eol.jsc.nasa.gov/scripts/sseop/photo.pl?mission=ISS030&roll=E&frame=82770,http://eol.jsc.nasa.gov/sseop/images/ESC/large/ISS030/ISS030-E-82770.JPG,http://eol.jsc.nasa.gov/sseop/images/ESC/small/ISS030/ISS030-E-82770.JPG,30
-31,-95.3,50,17614,http://eol.jsc.nasa.gov/scripts/sseop/photo.pl?mission=ISS036&roll=E&frame=17614,http://eol.jsc.nasa.gov/sseop/images/ESC/large/ISS036/ISS036-E-17614.JPG,http://eol.jsc.nasa.gov/sseop/images/ESC/small/ISS036/ISS036-E-17614.JPG,30
41.8,52,50,28364,http://eol.jsc.nasa.gov/scripts/sseop/photo.pl?mission=ISS036&roll=E&frame=28364,http://eol.jsc.nasa.gov/sseop/images/ESC/large/ISS036/ISS036-E-28364.JPG,http://eol.jsc.nasa.gov/sseop/images/ESC/small/ISS036/ISS036-E-28364.JPG,30
40.8,-112.2,50,66616,http://eol.jsc.nasa.gov/scripts/sseop/photo.pl?mission=ISS030&roll=E&frame=66616,http://eol.jsc.nasa.gov/sseop/images/ESC/large/ISS030/ISS030-E-66616.JPG,http://eol.jsc.nasa.gov/sseop/images/ESC/small/ISS030/ISS030-E-66616.JPG,30
1.8,-76.8,50,13894,http://eol.jsc.nasa.gov/scripts/sseop/photo.pl?mission=ISS034&roll=E&frame=13894,http://eol.jsc.nasa.gov/sseop/images/ESC/large/ISS034/ISS034-E-13894.JPG,http://eol.jsc.nasa.gov/sseop/images/ESC/small/ISS034/ISS034-E-13894.JPG,30
50.5,107,50,66656,http://eol.jsc.nasa.gov/scripts/sseop/photo.pl?mission=ISS030&roll=E&frame=66656,http://eol.jsc.nasa.gov/sseop/images/ESC/large/ISS030/ISS030-E-66656.JPG,http://eol.jsc.nasa.gov/sseop/images/ESC/small/ISS030/ISS030-E-66656.JPG,30
51.2,24.1,50,67844,http://eol.jsc.nasa.gov/scripts/sseop/photo.pl?mission=ISS030&roll=E&frame=67844,http://eol.jsc.nasa.gov/sseop/images/ESC/large/ISS030/ISS030-E-67844.JPG,http://eol.jsc.nasa.gov/sseop/images/ESC/small/ISS030/ISS030-E-67844.JPG,30
39,-73.6,50,26571,http://eol.jsc.nasa.gov/scripts/sseop/photo.pl?mission=ISS026&roll=E&frame=26571,http://eol.jsc.nasa.gov/sseop/images/ESC/large/ISS026/ISS026-E-26571.JPG,http://eol.jsc.nasa.gov/sseop/images/ESC/small/ISS026/ISS026-E-26571.JPG,30
40.1,-75.4,50,26567,http://eol.jsc.nasa.gov/scripts/sseop/photo.pl?mission=ISS026&roll=E&frame=26567,http://eol.jsc.nasa.gov/sseop/images/ESC/large/ISS026/ISS026-E-26567.JPG,http://eol.jsc.nasa.gov/sseop/images/ESC/small/ISS026/ISS026-E-26567.JPG,30
42.1,-71.6,50,32479,http://eol.jsc.nasa.gov/scripts/sseop/photo.pl?mission=ISS034&roll=E&frame=32479,http://eol.jsc.nasa.gov/sseop/images/ESC/large/ISS034/ISS034-E-32479.JPG,http://eol.jsc.nasa.gov/sseop/images/ESC/small/ISS034/ISS034-E-32479.JPG,30
42,-83.4,50,44576,http://eol.jsc.nasa.gov/scripts/sseop/photo.pl?mission=ISS034&roll=E&frame=44576,http://eol.jsc.nasa.gov/sseop/images/ESC/large/ISS034/ISS034-E-44576.JPG,http://eol.jsc.nasa.gov/sseop/images/ESC/small/ISS034/ISS034-E-44576.JPG,30
41.8,16,50,28590,http://eol.jsc.nasa.gov/scripts/sseop/photo.pl?mission=ISS036&roll=E&frame=28590,http://eol.jsc.nasa.gov/sseop/images/ESC/large/ISS036/ISS036-E-28590.JPG,http://eol.jsc.nasa.gov/sseop/images/ESC/small/ISS036/ISS036-E-28590.JPG,30
49.3,-73.4,50,82040,http://eol.jsc.nasa.gov/scripts/sseop/photo.pl?mission=ISS030&roll=E&frame=82040,http://eol.jsc.nasa.gov/sseop/images/ESC/large/ISS030/ISS030-E-82040.JPG,http://eol.jsc.nasa.gov/sseop/images/ESC/small/ISS030/ISS030-E-82040.JPG,30
42.6,-86.6,50,16835,http://eol.jsc.nasa.gov/scripts/sseop/photo.pl?mission=ISS016&roll=E&frame=16835,http://eol.jsc.nasa.gov/sseop/images/ESC/large/ISS016/ISS016-E-16835.JPG,http://eol.jsc.nasa.gov/sseop/images/ESC/small/ISS016/ISS016-E-16835.JPG,30
43.4,-92.5,50,33367,http://eol.jsc.nasa.gov/scripts/sseop/photo.pl?mission=ISS034&roll=E&frame=33367,http://eol.jsc.nasa.gov/sseop/images/ESC/large/ISS034/ISS034-E-33367.JPG,http://eol.jsc.nasa.gov/sseop/images/ESC/small/ISS034/ISS034-E-33367.JPG,30
49.9,-0.1,50,66693,http://eol.jsc.nasa.gov/scripts/sseop/photo.pl?mission=ISS030&roll=E&frame=66693,http://eol.jsc.nasa.gov/sseop/images/ESC/large/ISS030/ISS030-E-66693.JPG,http://eol.jsc.nasa.gov/sseop/images/ESC/small/ISS030/ISS030-E-66693.JPG,30
51.7,-6.4,50,14343,http://eol.jsc.nasa.gov/scripts/sseop/photo.pl?mission=ISS038&roll=E&frame=14343,http://eol.jsc.nasa.gov/sseop/images/ESC/large/ISS038/ISS038-E-14343.JPG,http://eol.jsc.nasa.gov/sseop/images/ESC/small/ISS038/ISS038-E-14343.JPG,30
48.2,-2,50,82961,http://eol.jsc.nasa.gov/scripts/sseop/photo.pl?mission=ISS030&roll=E&frame=82961,http://eol.jsc.nasa.gov/sseop/images/ESC/large/ISS030/ISS030-E-82961.JPG,http://eol.jsc.nasa.gov/sseop/images/ESC/small/ISS030/ISS030-E-82961.JPG,30
50.6,9.1,50,82982,http://eol.jsc.nasa.gov/scripts/sseop/photo.pl?mission=ISS030&roll=E&frame=82982,http://eol.jsc.nasa.gov/sseop/images/ESC/large/ISS030/ISS030-E-82982.JPG,http://eol.jsc.nasa.gov/sseop/images/ESC/small/ISS030/ISS030-E-82982.JPG,30
31.7,42.6,50,59986,http://eol.jsc.nasa.gov/scripts/sseop/photo.pl?mission=ISS034&roll=E&frame=59986,http://eol.jsc.nasa.gov/sseop/images/ESC/large/ISS034/ISS034-E-59986.JPG,http://eol.jsc.nasa.gov/sseop/images/ESC/small/ISS034/ISS034-E-59986.JPG,30
21.2,42.1,50,51161,http://eol.jsc.nasa.gov/scripts/sseop/photo.pl?mission=ISS034&roll=E&frame=51161,http://eol.jsc.nasa.gov/sseop/images/ESC/large/ISS034/ISS034-E-51161.JPG,http://eol.jsc.nasa.gov/sseop/images/ESC/small/ISS034/ISS034-E-51161.JPG,30
50.9,-114,50,82911,http://eol.jsc.nasa.gov/scripts/sseop/photo.pl?mission=ISS030&roll=E&frame=82911,http://eol.jsc.nasa.gov/sseop/images/ESC/large/ISS030/ISS030-E-82911.JPG,http://eol.jsc.nasa.gov/sseop/images/ESC/small/ISS030/ISS030-E-82911.JPG,30
51.8,-110.3,50,229355,http://eol.jsc.nasa.gov/scripts/sseop/photo.pl?mission=ISS030&roll=E&frame=229355,http://eol.jsc.nasa.gov/sseop/images/ESC/large/ISS030/ISS030-E-229355.JPG,http://eol.jsc.nasa.gov/sseop/images/ESC/small/ISS030/ISS030-E-229355.JPG,30
47.8,-119.9,50,66373,http://eol.jsc.nasa.gov/scripts/sseop/photo.pl?mission=ISS030&roll=E&frame=66373,http://eol.jsc.nasa.gov/sseop/images/ESC/large/ISS030/ISS030-E-66373.JPG,http://eol.jsc.nasa.gov/sseop/images/ESC/small/ISS030/ISS030-E-66373.JPG,30
49.4,-2.7,50,85800,http://eol.jsc.nasa.gov/scripts/sseop/photo.pl?mission=ISS030&roll=E&frame=85800,http://eol.jsc.nasa.gov/sseop/images/ESC/large/ISS030/ISS030-E-85800.JPG,http://eol.jsc.nasa.gov/sseop/images/ESC/small/ISS030/ISS030-E-85800.JPG,30
-25.1,29.7,50,24896,http://eol.jsc.nasa.gov/scripts/sseop/photo.pl?mission=ISS027&roll=E&frame=24896,http://eol.jsc.nasa.gov/sseop/images/ESC/large/ISS027/ISS027-E-24896.JPG,http://eol.jsc.nasa.gov/sseop/images/ESC/small/ISS027/ISS027-E-24896.JPG,30
33,-95.6,50,39181,http://eol.jsc.nasa.gov/scripts/sseop/photo.pl?mission=ISS034&roll=E&frame=39181,http://eol.jsc.nasa.gov/sseop/images/ESC/large/ISS034/ISS034-E-39181.JPG,http://eol.jsc.nasa.gov/sseop/images/ESC/small/ISS034/ISS034-E-39181.JPG,30
50.7,-13.2,50,26275,http://eol.jsc.nasa.gov/scripts/sseop/photo.pl?mission=ISS022&roll=E&frame=26275,http://eol.jsc.nasa.gov/sseop/images/ESC/large/ISS022/ISS022-E-26275.JPG,http://eol.jsc.nasa.gov/sseop/images/ESC/small/ISS022/ISS022-E-26275.JPG,30
25.9,-101.4,50,271277,http://eol.jsc.nasa.gov/scripts/sseop/photo.pl?mission=ISS030&roll=E&frame=271277,http://eol.jsc.nasa.gov/sseop/images/ESC/large/ISS030/ISS030-E-271277.JPG,http://eol.jsc.nasa.gov/sseop/images/ESC/small/ISS030/ISS030-E-271277.JPG,30
46.9,16.2,50,44386,http://eol.jsc.nasa.gov/scripts/sseop/photo.pl?mission=ISS034&roll=E&frame=44386,http://eol.jsc.nasa.gov/sseop/images/ESC/large/ISS034/ISS034-E-44386.JPG,http://eol.jsc.nasa.gov/sseop/images/ESC/small/ISS034/ISS034-E-44386.JPG,30
24.8,32.1,50,66552,http://eol.jsc.nasa.gov/scripts/sseop/photo.pl?mission=ISS030&roll=E&frame=66552,http://eol.jsc.nasa.gov/sseop/images/ESC/large/ISS030/ISS030-E-66552.JPG,http://eol.jsc.nasa.gov/sseop/images/ESC/small/ISS030/ISS030-E-66552.JPG,30
25.4,50.1,50,21082,http://eol.jsc.nasa.gov/scripts/sseop/photo.pl?mission=ISS035&roll=E&frame=21082,http://eol.jsc.nasa.gov/sseop/images/ESC/large/ISS035/ISS035-E-21082.JPG,http://eol.jsc.nasa.gov/sseop/images/ESC/small/ISS035/ISS035-E-21082.JPG,30
47.4,-75.1,50,77306,http://eol.jsc.nasa.gov/scripts/sseop/photo.pl?mission=ISS030&roll=E&frame=77306,http://eol.jsc.nasa.gov/sseop/images/ESC/large/ISS030/ISS030-E-77306.JPG,http://eol.jsc.nasa.gov/sseop/images/ESC/small/ISS030/ISS030-E-77306.JPG,30
49.3,-112.1,50,223010,http://eol.jsc.nasa.gov/scripts/sseop/photo.pl?mission=ISS030&roll=E&frame=223010,http://eol.jsc.nasa.gov/sseop/images/ESC/large/ISS030/ISS030-E-223010.JPG,http://eol.jsc.nasa.gov/sseop/images/ESC/small/ISS030/ISS030-E-223010.JPG,30
40,10.2,50,83451,http://eol.jsc.nasa.gov/scripts/sseop/photo.pl?mission=ISS030&roll=E&frame=83451,http://eol.jsc.nasa.gov/sseop/images/ESC/large/ISS030/ISS030-E-83451.JPG,http://eol.jsc.nasa.gov/sseop/images/ESC/small/ISS030/ISS030-E-83451.JPG,30
30.9,-95.5,50,83126,http://eol.jsc.nasa.gov/scripts/sseop/photo.pl?mission=ISS030&roll=E&frame=83126,http://eol.jsc.nasa.gov/sseop/images/ESC/large/ISS030/ISS030-E-83126.JPG,http://eol.jsc.nasa.gov/sseop/images/ESC/small/ISS030/ISS030-E-83126.JPG,30
46.3,-1.1,50,16194,http://eol.jsc.nasa.gov/scripts/sseop/photo.pl?mission=ISS038&roll=E&frame=16194,http://eol.jsc.nasa.gov/sseop/images/ESC/large/ISS038/ISS038-E-16194.JPG,http://eol.jsc.nasa.gov/sseop/images/ESC/small/ISS038/ISS038-E-16194.JPG,30
44.9,-118.3,50,16497,http://eol.jsc.nasa.gov/scripts/sseop/photo.pl?mission=ISS038&roll=E&frame=16497,http://eol.jsc.nasa.gov/sseop/images/ESC/large/ISS038/ISS038-E-16497.JPG,http://eol.jsc.nasa.gov/sseop/images/ESC/small/ISS038/ISS038-E-16497.JPG,30
36.9,-96.2,50,9599,http://eol.jsc.nasa.gov/scripts/sseop/photo.pl?mission=ISS035&roll=E&frame=9599,http://eol.jsc.nasa.gov/sseop/images/ESC/large/ISS035/ISS035-E-9599.JPG,http://eol.jsc.nasa.gov/sseop/images/ESC/small/ISS035/ISS035-E-9599.JPG,30
42,14.7,50,83399,http://eol.jsc.nasa.gov/scripts/sseop/photo.pl?mission=ISS030&roll=E&frame=83399,http://eol.jsc.nasa.gov/sseop/images/ESC/large/ISS030/ISS030-E-83399.JPG,http://eol.jsc.nasa.gov/sseop/images/ESC/small/ISS030/ISS030-E-83399.JPG,30
21.7,-75.8,50,82343,http://eol.jsc.nasa.gov/scripts/sseop/photo.pl?mission=ISS030&roll=E&frame=82343,http://eol.jsc.nasa.gov/sseop/images/ESC/large/ISS030/ISS030-E-82343.JPG,http://eol.jsc.nasa.gov/sseop/images/ESC/small/ISS030/ISS030-E-82343.JPG,30
-4.6,109.6,50,33611,http://eol.jsc.nasa.gov/scripts/sseop/photo.pl?mission=ISS036&roll=E&frame=33611,http://eol.jsc.nasa.gov/sseop/images/ESC/large/ISS036/ISS036-E-33611.JPG,http://eol.jsc.nasa.gov/sseop/images/ESC/small/ISS036/ISS036-E-33611.JPG,30
21.2,-97.9,50,41300,http://eol.jsc.nasa.gov/scripts/sseop/photo.pl?mission=ISS035&roll=E&frame=41300,http://eol.jsc.nasa.gov/sseop/images/ESC/large/ISS035/ISS035-E-41300.JPG,http://eol.jsc.nasa.gov/sseop/images/ESC/small/ISS035/ISS035-E-41300.JPG,30
-27.7,-169.9,50,36704,http://eol.jsc.nasa.gov/scripts/sseop/photo.pl?mission=ISS020&roll=E&frame=36704,http://eol.jsc.nasa.gov/sseop/images/ESC/large/ISS020/ISS020-E-36704.JPG,http://eol.jsc.nasa.gov/sseop/images/ESC/small/ISS020/ISS020-E-36704.JPG,30
51.8,7.7,50,83421,http://eol.jsc.nasa.gov/scripts/sseop/photo.pl?mission=ISS030&roll=E&frame=83421,http://eol.jsc.nasa.gov/sseop/images/ESC/large/ISS030/ISS030-E-83421.JPG,http://eol.jsc.nasa.gov/sseop/images/ESC/small/ISS030/ISS030-E-83421.JPG,30
49.3,-133.9,50,11896,http://eol.jsc.nasa.gov/scripts/sseop/photo.pl?mission=ISS038&roll=E&frame=11896,http://eol.jsc.nasa.gov/sseop/images/ESC/large/ISS038/ISS038-E-11896.JPG,http://eol.jsc.nasa.gov/sseop/images/ESC/small/ISS038/ISS038-E-11896.JPG,30
47.1,-6,50,83216,http://eol.jsc.nasa.gov/scripts/sseop/photo.pl?mission=ISS030&roll=E&frame=83216,http://eol.jsc.nasa.gov/sseop/images/ESC/large/ISS030/ISS030-E-83216.JPG,http://eol.jsc.nasa.gov/sseop/images/ESC/small/ISS030/ISS030-E-83216.JPG,30
44.8,88.5,50,25085,http://eol.jsc.nasa.gov/scripts/sseop/photo.pl?mission=ISS021&roll=E&frame=25085,http://eol.jsc.nasa.gov/sseop/images/ESC/large/ISS021/ISS021-E-25085.JPG,http://eol.jsc.nasa.gov/sseop/images/ESC/small/ISS021/ISS021-E-25085.JPG,30
49.4,-122.1,50,13095,http://eol.jsc.nasa.gov/scripts/sseop/photo.pl?mission=ISS035&roll=E&frame=13095,http://eol.jsc.nasa.gov/sseop/images/ESC/large/ISS035/ISS035-E-13095.JPG,http://eol.jsc.nasa.gov/sseop/images/ESC/small/ISS035/ISS035-E-13095.JPG,30
-40.2,139.2,50,9195,http://eol.jsc.nasa.gov/scripts/sseop/photo.pl?mission=ISS035&roll=E&frame=9195,http://eol.jsc.nasa.gov/sseop/images/ESC/large/ISS035/ISS035-E-9195.JPG,http://eol.jsc.nasa.gov/sseop/images/ESC/small/ISS035/ISS035-E-9195.JPG,30
20.4,-105.1,50,50028,http://eol.jsc.nasa.gov/scripts/sseop/photo.pl?mission=ISS034&roll=E&frame=50028,http://eol.jsc.nasa.gov/sseop/images/ESC/large/ISS034/ISS034-E-50028.JPG,http://eol.jsc.nasa.gov/sseop/images/ESC/small/ISS034/ISS034-E-50028.JPG,30
46,10,50,5890,http://eol.jsc.nasa.gov/scripts/sseop/photo.pl?mission=ISS034&roll=E&frame=5890,http://eol.jsc.nasa.gov/sseop/images/ESC/large/ISS034/ISS034-E-5890.JPG,http://eol.jsc.nasa.gov/sseop/images/ESC/small/ISS034/ISS034-E-5890.JPG,30
17.5,108.8,50,20411,http://eol.jsc.nasa.gov/scripts/sseop/photo.pl?mission=ISS036&roll=E&frame=20411,http://eol.jsc.nasa.gov/sseop/images/ESC/large/ISS036/ISS036-E-20411.JPG,http://eol.jsc.nasa.gov/sseop/images/ESC/small/ISS036/ISS036-E-20411.JPG,30
-41.7,-80.1,50,17758,http://eol.jsc.nasa.gov/scripts/sseop/photo.pl?mission=ISS036&roll=E&frame=17758,http://eol.jsc.nasa.gov/sseop/images/ESC/large/ISS036/ISS036-E-17758.JPG,http://eol.jsc.nasa.gov/sseop/images/ESC/small/ISS036/ISS036-E-17758.JPG,30
51.5,-120.9,50,77338,http://eol.jsc.nasa.gov/scripts/sseop/photo.pl?mission=ISS030&roll=E&frame=77338,http://eol.jsc.nasa.gov/sseop/images/ESC/large/ISS030/ISS030-E-77338.JPG,http://eol.jsc.nasa.gov/sseop/images/ESC/small/ISS030/ISS030-E-77338.JPG,30
23.3,-159.4,50,82649,http://eol.jsc.nasa.gov/scripts/sseop/photo.pl?mission=ISS030&roll=E&frame=82649,http://eol.jsc.nasa.gov/sseop/images/ESC/large/ISS030/ISS030-E-82649.JPG,http://eol.jsc.nasa.gov/sseop/images/ESC/small/ISS030/ISS030-E-82649.JPG,30
11.1,138.6,50,9293,http://eol.jsc.nasa.gov/scripts/sseop/photo.pl?mission=ISS024&roll=E&frame=9293,http://eol.jsc.nasa.gov/sseop/images/ESC/large/ISS024/ISS024-E-9293.JPG,http://eol.jsc.nasa.gov/sseop/images/ESC/small/ISS024/ISS024-E-9293.JPG,30
27.4,-99.3,50,83095,http://eol.jsc.nasa.gov/scripts/sseop/photo.pl?mission=ISS030&roll=E&frame=83095,http://eol.jsc.nasa.gov/sseop/images/ESC/large/ISS030/ISS030-E-83095.JPG,http://eol.jsc.nasa.gov/sseop/images/ESC/small/ISS030/ISS030-E-83095.JPG,30
46.1,-93.3,50,14187,http://eol.jsc.nasa.gov/scripts/sseop/photo.pl?mission=ISS035&roll=E&frame=14187,http://eol.jsc.nasa.gov/sseop/images/ESC/large/ISS035/ISS035-E-14187.JPG,http://eol.jsc.nasa.gov/sseop/images/ESC/small/ISS035/ISS035-E-14187.JPG,30
19.6,-90.3,50,77258,http://eol.jsc.nasa.gov/scripts/sseop/photo.pl?mission=ISS030&roll=E&frame=77258,http://eol.jsc.nasa.gov/sseop/images/ESC/large/ISS030/ISS030-E-77258.JPG,http://eol.jsc.nasa.gov/sseop/images/ESC/small/ISS030/ISS030-E-77258.JPG,30
40.8,29.7,50,16953,http://eol.jsc.nasa.gov/scripts/sseop/photo.pl?mission=ISS035&roll=E&frame=16953,http://eol.jsc.nasa.gov/sseop/images/ESC/large/ISS035/ISS035-E-16953.JPG,http://eol.jsc.nasa.gov/sseop/images/ESC/small/ISS035/ISS035-E-16953.JPG,30
44.4,128.2,50,66670,http://eol.jsc.nasa.gov/scripts/sseop/photo.pl?mission=ISS030&roll=E&frame=66670,http://eol.jsc.nasa.gov/sseop/images/ESC/large/ISS030/ISS030-E-66670.JPG,http://eol.jsc.nasa.gov/sseop/images/ESC/small/ISS030/ISS030-E-66670.JPG,30
34.1,37.7,50,9942,http://eol.jsc.nasa.gov/scripts/sseop/photo.pl?mission=ISS035&roll=E&frame=9942,http://eol.jsc.nasa.gov/sseop/images/ESC/large/ISS035/ISS035-E-9942.JPG,http://eol.jsc.nasa.gov/sseop/images/ESC/small/ISS035/ISS035-E-9942.JPG,30
38.3,99.8,50,29054,http://eol.jsc.nasa.gov/scripts/sseop/photo.pl?mission=ISS029&roll=E&frame=29054,http://eol.jsc.nasa.gov/sseop/images/ESC/large/ISS029/ISS029-E-29054.JPG,http://eol.jsc.nasa.gov/sseop/images/ESC/small/ISS029/ISS029-E-29054.JPG,30
5,67.6,50,26404,http://eol.jsc.nasa.gov/scripts/sseop/photo.pl?mission=ISS037&roll=E&frame=26404,http://eol.jsc.nasa.gov/sseop/images/ESC/large/ISS037/ISS037-E-26404.JPG,http://eol.jsc.nasa.gov/sseop/images/ESC/small/ISS037/ISS037-E-26404.JPG,30
47,-5.9,50,83217,http://eol.jsc.nasa.gov/scripts/sseop/photo.pl?mission=ISS030&roll=E&frame=83217,http://eol.jsc.nasa.gov/sseop/images/ESC/large/ISS030/ISS030-E-83217.JPG,http://eol.jsc.nasa.gov/sseop/images/ESC/small/ISS030/ISS030-E-83217.JPG,30
33.8,-115,50,83475,http://eol.jsc.nasa.gov/scripts/sseop/photo.pl?mission=ISS030&roll=E&frame=83475,http://eol.jsc.nasa.gov/sseop/images/ESC/large/ISS030/ISS030-E-83475.JPG,http://eol.jsc.nasa.gov/sseop/images/ESC/small/ISS030/ISS030-E-83475.JPG,30
50.9,3.4,50,82885,http://eol.jsc.nasa.gov/scripts/sseop/photo.pl?mission=ISS030&roll=E&frame=82885,http://eol.jsc.nasa.gov/sseop/images/ESC/large/ISS030/ISS030-E-82885.JPG,http://eol.jsc.nasa.gov/sseop/images/ESC/small/ISS030/ISS030-E-82885.JPG,30
50.2,6.8,50,82977,http://eol.jsc.nasa.gov/scripts/sseop/photo.pl?mission=ISS030&roll=E&frame=82977,http://eol.jsc.nasa.gov/sseop/images/ESC/large/ISS030/ISS030-E-82977.JPG,http://eol.jsc.nasa.gov/sseop/images/ESC/small/ISS030/ISS030-E-82977.JPG,30
39.6,9.9,50,16421,http://eol.jsc.nasa.gov/scripts/sseop/photo.pl?mission=ISS038&roll=E&frame=16421,http://eol.jsc.nasa.gov/sseop/images/ESC/large/ISS038/ISS038-E-16421.JPG,http://eol.jsc.nasa.gov/sseop/images/ESC/small/ISS038/ISS038-E-16421.JPG,30
51.6,110.1,50,83045,http://eol.jsc.nasa.gov/scripts/sseop/photo.pl?mission=ISS030&roll=E&frame=83045,http://eol.jsc.nasa.gov/sseop/images/ESC/large/ISS030/ISS030-E-83045.JPG,http://eol.jsc.nasa.gov/sseop/images/ESC/small/ISS030/ISS030-E-83045.JPG,30
25.2,-101.4,50,83081,http://eol.jsc.nasa.gov/scripts/sseop/photo.pl?mission=ISS030&roll=E&frame=83081,http://eol.jsc.nasa.gov/sseop/images/ESC/large/ISS030/ISS030-E-83081.JPG,http://eol.jsc.nasa.gov/sseop/images/ESC/small/ISS030/ISS030-E-83081.JPG,30
39,22.1,50,51020,http://eol.jsc.nasa.gov/scripts/sseop/photo.pl?mission=ISS034&roll=E&frame=51020,http://eol.jsc.nasa.gov/sseop/images/ESC/large/ISS034/ISS034-E-51020.JPG,http://eol.jsc.nasa.gov/sseop/images/ESC/small/ISS034/ISS034-E-51020.JPG,30
45.2,-10.1,50,9416,http://eol.jsc.nasa.gov/scripts/sseop/photo.pl?mission=ISS035&roll=E&frame=9416,http://eol.jsc.nasa.gov/sseop/images/ESC/large/ISS035/ISS035-E-9416.JPG,http://eol.jsc.nasa.gov/sseop/images/ESC/small/ISS035/ISS035-E-9416.JPG,30
31.3,-110.5,50,83315,http://eol.jsc.nasa.gov/scripts/sseop/photo.pl?mission=ISS030&roll=E&frame=83315,http://eol.jsc.nasa.gov/sseop/images/ESC/large/ISS030/ISS030-E-83315.JPG,http://eol.jsc.nasa.gov/sseop/images/ESC/small/ISS030/ISS030-E-83315.JPG,30
38,-2.2,50,86589,http://eol.jsc.nasa.gov/scripts/sseop/photo.pl?mission=ISS030&roll=E&frame=86589,http://eol.jsc.nasa.gov/sseop/images/ESC/large/ISS030/ISS030-E-86589.JPG,http://eol.jsc.nasa.gov/sseop/images/ESC/small/ISS030/ISS030-E-86589.JPG,30
40.5,0.3,50,58829,http://eol.jsc.nasa.gov/scripts/sseop/photo.pl?mission=ISS034&roll=E&frame=58829,http://eol.jsc.nasa.gov/sseop/images/ESC/large/ISS034/ISS034-E-58829.JPG,http://eol.jsc.nasa.gov/sseop/images/ESC/small/ISS034/ISS034-E-58829.JPG,30
29.9,15,50,16854,http://eol.jsc.nasa.gov/scripts/sseop/photo.pl?mission=ISS035&roll=E&frame=16854,http://eol.jsc.nasa.gov/sseop/images/ESC/large/ISS035/ISS035-E-16854.JPG,http://eol.jsc.nasa.gov/sseop/images/ESC/small/ISS035/ISS035-E-16854.JPG,30
39.9,-81.6,50,77371,http://eol.jsc.nasa.gov/scripts/sseop/photo.pl?mission=ISS030&roll=E&frame=77371,http://eol.jsc.nasa.gov/sseop/images/ESC/large/ISS030/ISS030-E-77371.JPG,http://eol.jsc.nasa.gov/sseop/images/ESC/small/ISS030/ISS030-E-77371.JPG,30
-42.5,131.8,50,17862,http://eol.jsc.nasa.gov/scripts/sseop/photo.pl?mission=ISS038&roll=E&frame=17862,http://eol.jsc.nasa.gov/sseop/images/ESC/large/ISS038/ISS038-E-17862.JPG,http://eol.jsc.nasa.gov/sseop/images/ESC/small/ISS038/ISS038-E-17862.JPG,30
33,128.4,50,31116,http://eol.jsc.nasa.gov/scripts/sseop/photo.pl?mission=ISS023&roll=E&frame=31116,http://eol.jsc.nasa.gov/sseop/images/ESC/large/ISS023/ISS023-E-31116.JPG,http://eol.jsc.nasa.gov/sseop/images/ESC/small/ISS023/ISS023-E-31116.JPG,30
46.2,35.5,50,26294,http://eol.jsc.nasa.gov/scripts/sseop/photo.pl?mission=ISS022&roll=E&frame=26294,http://eol.jsc.nasa.gov/sseop/images/ESC/large/ISS022/ISS022-E-26294.JPG,http://eol.jsc.nasa.gov/sseop/images/ESC/small/ISS022/ISS022-E-26294.JPG,30
50.3,1.5,50,81553,http://eol.jsc.nasa.gov/scripts/sseop/photo.pl?mission=ISS030&roll=E&frame=81553,http://eol.jsc.nasa.gov/sseop/images/ESC/large/ISS030/ISS030-E-81553.JPG,http://eol.jsc.nasa.gov/sseop/images/ESC/small/ISS030/ISS030-E-81553.JPG,30
30.5,-95.9,50,83123,http://eol.jsc.nasa.gov/scripts/sseop/photo.pl?mission=ISS030&roll=E&frame=83123,http://eol.jsc.nasa.gov/sseop/images/ESC/large/ISS030/ISS030-E-83123.JPG,http://eol.jsc.nasa.gov/sseop/images/ESC/small/ISS030/ISS030-E-83123.JPG,30
32.6,-116.5,50,83464,http://eol.jsc.nasa.gov/scripts/sseop/photo.pl?mission=ISS030&roll=E&frame=83464,http://eol.jsc.nasa.gov/sseop/images/ESC/large/ISS030/ISS030-E-83464.JPG,http://eol.jsc.nasa.gov/sseop/images/ESC/small/ISS030/ISS030-E-83464.JPG,30
42,6.6,50,83443,http://eol.jsc.nasa.gov/scripts/sseop/photo.pl?mission=ISS030&roll=E&frame=83443,http://eol.jsc.nasa.gov/sseop/images/ESC/large/ISS030/ISS030-E-83443.JPG,http://eol.jsc.nasa.gov/sseop/images/ESC/small/ISS030/ISS030-E-83443.JPG,30
7.9,-81.3,50,77273,http://eol.jsc.nasa.gov/scripts/sseop/photo.pl?mission=ISS030&roll=E&frame=77273,http://eol.jsc.nasa.gov/sseop/images/ESC/large/ISS030/ISS030-E-77273.JPG,http://eol.jsc.nasa.gov/sseop/images/ESC/small/ISS030/ISS030-E-77273.JPG,30
20,-90.6,50,77255,http://eol.jsc.nasa.gov/scripts/sseop/photo.pl?mission=ISS030&roll=E&frame=77255,http://eol.jsc.nasa.gov/sseop/images/ESC/large/ISS030/ISS030-E-77255.JPG,http://eol.jsc.nasa.gov/sseop/images/ESC/small/ISS030/ISS030-E-77255.JPG,30
51.1,-112.7,50,82916,http://eol.jsc.nasa.gov/scripts/sseop/photo.pl?mission=ISS030&roll=E&frame=82916,http://eol.jsc.nasa.gov/sseop/images/ESC/large/ISS030/ISS030-E-82916.JPG,http://eol.jsc.nasa.gov/sseop/images/ESC/small/ISS030/ISS030-E-82916.JPG,30
-35,158.8,50,14576,http://eol.jsc.nasa.gov/scripts/sseop/photo.pl?mission=ISS015&roll=E&frame=14576,http://eol.jsc.nasa.gov/sseop/images/ESC/large/ISS015/ISS015-E-14576.JPG,http://eol.jsc.nasa.gov/sseop/images/ESC/small/ISS015/ISS015-E-14576.JPG,30
26,-100.6,50,83084,http://eol.jsc.nasa.gov/scripts/sseop/photo.pl?mission=ISS030&roll=E&frame=83084,http://eol.jsc.nasa.gov/sseop/images/ESC/large/ISS030/ISS030-E-83084.JPG,http://eol.jsc.nasa.gov/sseop/images/ESC/small/ISS030/ISS030-E-83084.JPG,30
51.7,19.4,50,82989,http://eol.jsc.nasa.gov/scripts/sseop/photo.pl?mission=ISS030&roll=E&frame=82989,http://eol.jsc.nasa.gov/sseop/images/ESC/large/ISS030/ISS030-E-82989.JPG,http://eol.jsc.nasa.gov/sseop/images/ESC/small/ISS030/ISS030-E-82989.JPG,30
45.9,-70.8,50,77320,http://eol.jsc.nasa.gov/scripts/sseop/photo.pl?mission=ISS030&roll=E&frame=77320,http://eol.jsc.nasa.gov/sseop/images/ESC/large/ISS030/ISS030-E-77320.JPG,http://eol.jsc.nasa.gov/sseop/images/ESC/small/ISS030/ISS030-E-77320.JPG,30
51.7,51.4,50,41871,http://eol.jsc.nasa.gov/scripts/sseop/photo.pl?mission=ISS029&roll=E&frame=41871,http://eol.jsc.nasa.gov/sseop/images/ESC/large/ISS029/ISS029-E-41871.JPG,http://eol.jsc.nasa.gov/sseop/images/ESC/small/ISS029/ISS029-E-41871.JPG,30
36.8,123.8,50,23274,http://eol.jsc.nasa.gov/scripts/sseop/photo.pl?mission=ISS035&roll=E&frame=23274,http://eol.jsc.nasa.gov/sseop/images/ESC/large/ISS035/ISS035-E-23274.JPG,http://eol.jsc.nasa.gov/sseop/images/ESC/small/ISS035/ISS035-E-23274.JPG,30
